{
  "IcoMoonType": "selection",
  "icons": [
    {
      "icon": {
        "paths": [
          "M896 512l-384 384v-179.2h-358.4v-409.6h358.4v-179.2l384 384z"
        ],
        "attrs": [],
        "isMulticolor": false,
        "isMulticolor2": false,
        "tags": [
          "arrow-bold-right"
        ],
        "grid": 20
      },
      "attrs": [],
      "properties": {
        "id": 18,
        "order": 7,
        "prevSize": 20,
        "name": "arrow-bold-right"
      },
      "setIdx": 0,
      "setId": 2,
      "iconIdx": 17
    },
    {
      "icon": {
        "paths": [
          "M716.8 793.6v-179.2h-665.6v-204.8h665.6v-179.2l268.8 281.6-268.8 281.6z"
        ],
        "attrs": [],
        "isMulticolor": false,
        "isMulticolor2": false,
        "tags": [
          "arrow-long-right"
        ],
        "grid": 20
      },
      "attrs": [],
      "properties": {
        "id": 24,
        "order": 8,
        "prevSize": 20,
        "name": "arrow-long-right"
      },
      "setIdx": 0,
      "setId": 2,
      "iconIdx": 23
    },
    {
      "icon": {
        "paths": [
          "M469.146 231.219c21.402 20.89 230.502 240.384 230.502 240.384 11.418 11.213 17.152 25.805 17.152 40.397s-5.734 29.184-17.152 40.294c0 0-209.101 219.597-230.502 240.384-21.402 20.89-59.904 22.323-82.688 0-22.835-22.221-24.627-53.299 0-80.589l191.846-200.090-191.846-200.090c-24.627-27.29-22.835-58.419 0-80.691 22.784-22.323 61.286-20.941 82.688 0z"
        ],
        "attrs": [],
        "isMulticolor": false,
        "isMulticolor2": false,
        "tags": [
          "chevron-right"
        ],
        "grid": 20
      },
      "attrs": [],
      "properties": {
        "id": 36,
        "order": 6,
        "prevSize": 20,
        "name": "chevron-right"
      },
      "setIdx": 0,
      "setId": 2,
      "iconIdx": 35
    },
    {
      "icon": {
        "paths": [
          "M678.4 512l-365.619-379.904c-13.722-13.824-13.722-36.198 0-50.125 13.722-13.824 35.891-13.824 49.613 0l400.896 404.89c13.722 13.875 13.722 36.301 0 50.125l-400.896 404.89c-13.722 13.875-35.891 13.824-49.613 0-13.722-13.773-13.722-36.198 0-50.125l365.619-379.75z"
        ],
        "attrs": [],
        "isMulticolor": false,
        "isMulticolor2": false,
        "tags": [
          "chevron-thin-right"
        ],
        "grid": 20
      },
      "attrs": [],
      "properties": {
        "id": 43,
        "order": 9,
        "prevSize": 20,
        "name": "chevron-thin-right"
      },
      "setIdx": 0,
      "setId": 2,
      "iconIdx": 42
    },
    {
      "icon": {
        "paths": [
          "M768 512l-460.8 256v-512l460.8 256z"
        ],
        "attrs": [],
        "isMulticolor": false,
        "isMulticolor2": false,
        "tags": [
          "triangle-right"
        ],
        "grid": 20
      },
      "attrs": [],
      "properties": {
        "id": 83,
        "order": 10,
        "prevSize": 20,
        "name": "triangle-right"
      },
      "setIdx": 0,
      "setId": 2,
      "iconIdx": 82
    },
    {
      "icon": {
        "paths": [
          "M35.072 512h121.446v-10.496c5.53-227.021 190.669-409.395 418.253-409.395 231.168 0 418.509 188.006 418.509 419.891s-187.341 419.789-418.509 419.789c-97.178 0-186.624-33.28-257.69-88.986l71.987-77.005c52.019 38.298 116.224 61.082 185.702 61.082 173.363 0 313.907-141.005 313.907-314.88s-140.544-314.88-313.907-314.88c-169.83 0-308.122 135.322-313.6 304.384v10.496h136.806l-178.893 199.373-184.013-199.373z"
        ],
        "attrs": [],
        "isMulticolor": false,
        "isMulticolor2": false,
        "tags": [
          "ccw"
        ],
        "grid": 20
      },
      "attrs": [],
      "properties": {
        "id": 124,
        "order": 11,
        "prevSize": 20,
        "name": "ccw"
      },
      "setIdx": 0,
      "setId": 2,
      "iconIdx": 123
    },
    {
      "icon": {
        "paths": [
          "M859.29 512c0-53.709 33.075-96 82.79-125.082-9.011-29.901-20.838-58.624-35.43-85.606-55.757 14.592-100.864-7.219-138.803-45.21-37.939-37.888-49.562-82.995-34.97-138.803-26.982-14.592-55.706-26.522-85.606-35.379-29.082 49.664-81.664 82.688-135.27 82.688-53.658 0-106.189-33.024-135.322-82.688-29.952 8.858-58.573 20.787-85.555 35.379 14.592 55.808 3.021 100.915-35.021 138.803-37.888 37.99-82.995 59.802-138.803 45.21-14.592 26.982-26.47 55.706-35.379 85.606 49.664 29.082 82.688 71.373 82.688 125.082 0 53.606-33.024 106.189-82.688 135.322 8.96 29.901 20.787 58.573 35.379 85.606 55.808-14.592 100.915-3.021 138.803 34.918 37.939 37.99 49.613 83.098 35.021 138.803 26.982 14.592 55.654 26.522 85.606 35.482 29.082-49.818 81.664-82.79 135.322-82.79 53.606 0 106.189 33.024 135.322 82.79 29.901-9.011 58.573-20.89 85.606-35.482-14.592-55.706-3.021-100.813 34.97-138.803 37.939-37.888 83.046-59.699 138.803-45.21 14.592-26.982 26.47-55.603 35.43-85.606-49.818-29.133-82.893-71.424-82.893-125.030zM512 698.982c-103.322 0-187.034-83.712-187.034-186.982 0-103.322 83.763-187.085 187.034-187.085 103.322 0 186.982 83.814 186.982 187.085-0 103.322-83.661 186.982-186.982 186.982z"
        ],
        "attrs": [],
        "isMulticolor": false,
        "isMulticolor2": false,
        "tags": [
          "cog"
        ],
        "grid": 20
      },
      "attrs": [],
      "properties": {
        "id": 136,
        "order": 12,
        "prevSize": 20,
        "name": "cog"
      },
      "setIdx": 0,
      "setId": 2,
      "iconIdx": 135
    },
    {
      "icon": {
        "paths": [
          "M734.618 760.269c-24.013 24.013-62.925 24.013-86.886 0l-135.731-155.136-135.731 155.085c-24.013 24.013-62.925 24.013-86.886 0-24.013-24.013-24.013-62.925 0-86.886l141.21-161.28-141.261-161.382c-24.013-24.013-24.013-62.874 0-86.886s62.874-24.013 86.886 0l135.782 155.187 135.731-155.187c24.013-24.013 62.874-24.013 86.886 0s24.013 62.925 0 86.886l-141.21 161.382 141.21 161.28c24.013 24.013 24.013 62.925 0 86.938z"
        ],
        "attrs": [],
        "isMulticolor": false,
        "isMulticolor2": false,
        "tags": [
          "cross"
        ],
        "grid": 20
      },
      "attrs": [],
      "properties": {
        "id": 142,
        "order": 5,
        "prevSize": 20,
        "name": "cross"
      },
      "setIdx": 0,
      "setId": 2,
      "iconIdx": 141
    },
    {
      "icon": {
        "paths": [
          "M512 20.48c-271.462 0-491.52 220.058-491.52 491.52s220.058 491.52 491.52 491.52c271.411 0 491.52-220.058 491.52-491.571 0-271.411-220.109-491.469-491.52-491.469zM512 901.069c-214.886 0-389.12-174.182-389.12-389.12s174.182-389.069 389.12-389.069c214.886 0 389.171 174.182 389.171 389.12s-174.285 389.069-389.171 389.069zM384.051 499.2c42.394 0 76.749-40.090 76.749-89.6s-34.406-89.6-76.8-89.6-76.8 40.090-76.8 89.6 34.406 89.6 76.851 89.6zM640 499.2c42.445 0 76.8-40.090 76.8-89.6s-34.406-89.6-76.8-89.6-76.8 40.141-76.8 89.6 34.406 89.6 76.8 89.6zM734.259 580.403c-18.586-9.523-41.728-2.202-51.61 16.384-1.741 3.379-44.493 81.562-170.598 81.562-125.491 0-168.499-77.466-170.65-81.51-9.626-18.688-32.358-26.317-51.405-16.845-18.944 9.523-26.624 32.563-17.152 51.558 2.56 5.069 63.898 123.597 239.206 123.597 175.36 0 236.595-118.579 239.104-123.648 9.421-18.79 1.843-41.472-16.896-51.098z"
        ],
        "attrs": [],
        "isMulticolor": false,
        "isMulticolor2": false,
        "tags": [
          "emoji-happy"
        ],
        "grid": 20
      },
      "attrs": [],
      "properties": {
        "id": 156,
        "order": 3,
        "prevSize": 20,
        "name": "emoji-happy"
      },
      "setIdx": 0,
      "setId": 2,
      "iconIdx": 155
    },
    {
      "icon": {
        "paths": [
          "M512.051 20.48c-271.514 0-491.571 220.058-491.571 491.52 0 271.514 220.058 491.571 491.571 491.571 271.411 0 491.52-220.058 491.52-491.571-0.051-271.462-220.16-491.52-491.52-491.52zM512 901.069c-214.886 0-389.12-174.182-389.12-389.12 0-214.886 174.182-389.12 389.12-389.12 214.886 0 389.12 174.182 389.12 389.12s-174.234 389.12-389.12 389.12zM640.051 499.2c42.394 0 76.8-40.090 76.8-89.6s-34.406-89.6-76.8-89.6c-42.394 0-76.8 40.090-76.8 89.6s34.355 89.6 76.8 89.6zM384.051 499.2c42.394 0 76.8-40.090 76.8-89.6s-34.406-89.6-76.8-89.6c-42.394 0-76.8 40.090-76.8 89.6s34.355 89.6 76.8 89.6zM512.102 576c-175.309 0-236.646 118.528-239.206 123.597-9.523 18.995-1.792 42.035 17.152 51.558 5.53 2.714 11.366 4.045 17.152 4.045 14.080 0 27.648-7.731 34.406-21.197 0.41-0.87 42.086-81.203 170.496-81.203 126.106 0 168.858 78.182 170.394 81.152 9.421 18.944 32.512 26.778 51.507 17.203 18.995-9.421 26.675-32.563 17.203-51.507-2.509-5.069-63.795-123.648-239.104-123.648z"
        ],
        "attrs": [],
        "isMulticolor": false,
        "isMulticolor2": false,
        "tags": [
          "emoji-sad"
        ],
        "grid": 20
      },
      "attrs": [],
      "properties": {
        "id": 158,
        "order": 4,
        "prevSize": 20,
        "name": "emoji-sad"
      },
      "setIdx": 0,
      "setId": 2,
      "iconIdx": 157
    }
  ],
  "height": 1024,
  "preferences": {
    "showGlyphs": true,
    "showQuickUse": true,
    "showQuickUse2": true,
    "showSVGs": true,
    "fontPref": {
      "prefix": "icon-",
      "metadata": {
        "fontFamily": "icomoon"
      },
      "metrics": {
        "emSize": 1024,
        "baseline": 6.25,
        "whitespace": 50
      },
      "embed": false
    },
    "imagePref": {
      "prefix": "icon-",
      "png": false,
      "useClassSelector": true,
      "color": 0,
      "bgColor": 16777215,
      "classSelector": ".icon",
      "name": "icomoon",
      "height": 32,
      "columns": 16,
      "margin": 16
    },
    "historySize": 50,
    "showCodes": true,
    "gridSize": 16
  }
}